/*
 Navicat Premium Data Transfer

 Source Server         : localhost
 Source Server Type    : MySQL
 Source Server Version : 50645
 Source Host           : localhost:3306
 Source Schema         : mydb

 Target Server Type    : MySQL
 Target Server Version : 50645
 File Encoding         : 65001

 Date: 10/04/2020 17:00:01
*/

SET NAMES utf8mb4;
SET FOREIGN_KEY_CHECKS = 0;

-- ----------------------------
-- Table structure for sys_permissions
-- ----------------------------
DROP TABLE IF EXISTS `sys_permissions`;
CREATE TABLE `sys_permissions`  (
  `id` bigint(20) NOT NULL AUTO_INCREMENT,
  `permission` varchar(100) CHARACTER SET utf8 COLLATE utf8_general_ci NOT NULL,
  `description` varchar(200) CHARACTER SET utf8 COLLATE utf8_general_ci DEFAULT NULL,
  PRIMARY KEY (`id`) USING BTREE
) ENGINE = InnoDB AUTO_INCREMENT = 5 CHARACTER SET = utf8 COLLATE = utf8_general_ci ROW_FORMAT = Compact;

-- ----------------------------
-- Records of sys_permissions
-- ----------------------------
INSERT INTO `sys_permissions` VALUES (1, 'user:create', '用户模块新增');
INSERT INTO `sys_permissions` VALUES (2, 'user:update', '用户模块修改');
INSERT INTO `sys_permissions` VALUES (3, 'user:select', '用户模块查询');
INSERT INTO `sys_permissions` VALUES (4, 'user:delete', '用户模块删除');

-- ----------------------------
-- Table structure for sys_roles
-- ----------------------------
DROP TABLE IF EXISTS `sys_roles`;
CREATE TABLE `sys_roles`  (
  `id` bigint(20) NOT NULL AUTO_INCREMENT,
  `role` varchar(100) CHARACTER SET utf8 COLLATE utf8_general_ci NOT NULL,
  `description` varchar(200) CHARACTER SET utf8 COLLATE utf8_general_ci DEFAULT NULL,
  PRIMARY KEY (`id`) USING BTREE
) ENGINE = InnoDB AUTO_INCREMENT = 3 CHARACTER SET = utf8 COLLATE = utf8_general_ci ROW_FORMAT = Compact;

-- ----------------------------
-- Records of sys_roles
-- ----------------------------
INSERT INTO `sys_roles` VALUES (1, 'admin', '管理员');
INSERT INTO `sys_roles` VALUES (2, 'user', '用户管理员');

-- ----------------------------
-- Table structure for sys_roles_permissions
-- ----------------------------
DROP TABLE IF EXISTS `sys_roles_permissions`;
CREATE TABLE `sys_roles_permissions`  (
  `role_id` bigint(20) NOT NULL,
  `permission_id` bigint(20) NOT NULL,
  PRIMARY KEY (`role_id`, `permission_id`) USING BTREE,
  INDEX `sys_roles_permissions_ibfk_2`(`permission_id`) USING BTREE,
  CONSTRAINT `sys_roles_permissions_ibfk_1` FOREIGN KEY (`role_id`) REFERENCES `sys_roles` (`id`) ON DELETE RESTRICT ON UPDATE RESTRICT,
  CONSTRAINT `sys_roles_permissions_ibfk_2` FOREIGN KEY (`permission_id`) REFERENCES `sys_permissions` (`id`) ON DELETE RESTRICT ON UPDATE RESTRICT
) ENGINE = InnoDB CHARACTER SET = utf8 COLLATE = utf8_general_ci ROW_FORMAT = Compact;

-- ----------------------------
-- Records of sys_roles_permissions
-- ----------------------------
INSERT INTO `sys_roles_permissions` VALUES (1, 1);
INSERT INTO `sys_roles_permissions` VALUES (1, 2);
INSERT INTO `sys_roles_permissions` VALUES (1, 3);
INSERT INTO `sys_roles_permissions` VALUES (2, 3);
INSERT INTO `sys_roles_permissions` VALUES (1, 4);

-- ----------------------------
-- Table structure for sys_users
-- ----------------------------
DROP TABLE IF EXISTS `sys_users`;
CREATE TABLE `sys_users`  (
  `id` bigint(20) NOT NULL AUTO_INCREMENT,
  `username` varchar(200) CHARACTER SET utf8 COLLATE utf8_general_ci NOT NULL,
  `password` varchar(200) CHARACTER SET utf8 COLLATE utf8_general_ci NOT NULL,
  `status` int(11) NOT NULL DEFAULT 0,
  `email` varchar(100) CHARACTER SET utf8 COLLATE utf8_general_ci DEFAULT NULL,
  `last_login_time` timestamp NOT NULL DEFAULT CURRENT_TIMESTAMP ON UPDATE CURRENT_TIMESTAMP,
  `create_time` datetime DEFAULT NULL,
  PRIMARY KEY (`id`) USING BTREE
) ENGINE = InnoDB AUTO_INCREMENT = 3 CHARACTER SET = utf8 COLLATE = utf8_general_ci ROW_FORMAT = Compact;

-- ----------------------------
-- Records of sys_users
-- ----------------------------
INSERT INTO `sys_users` VALUES (1, 'admin', '$shiro1$SHA-256$50000$tkXJB+7mQLtPhAKjnw630g==$TAWyEVOKaFZu9289OG0hvx9/kZ/X5HWvZkc3YcnEmkE=', 1, 'admin@cloud.org', '2020-04-10 14:54:19', '2019-06-21 22:21:05');
INSERT INTO `sys_users` VALUES (2, 'ddw', '$shiro1$SHA-256$50000$jssZTPmF7UIbpgvW9iHoIQ==$GzI5SSfPbHmDd9vmZhDa2Jf5ZirDm0do31rxEqacDuk=', 1, 'ddw@cloud.org', '2020-04-10 15:00:01', '2019-06-21 22:21:07');

-- ----------------------------
-- Table structure for sys_users_roles
-- ----------------------------
DROP TABLE IF EXISTS `sys_users_roles`;
CREATE TABLE `sys_users_roles`  (
  `user_id` bigint(20) NOT NULL,
  `role_id` bigint(20) NOT NULL,
  PRIMARY KEY (`user_id`, `role_id`) USING BTREE,
  INDEX `sys_users_roles_ibfk_2`(`role_id`) USING BTREE,
  CONSTRAINT `sys_users_roles_ibfk_1` FOREIGN KEY (`user_id`) REFERENCES `sys_users` (`id`) ON DELETE RESTRICT ON UPDATE RESTRICT,
  CONSTRAINT `sys_users_roles_ibfk_2` FOREIGN KEY (`role_id`) REFERENCES `sys_roles` (`id`) ON DELETE RESTRICT ON UPDATE RESTRICT
) ENGINE = InnoDB CHARACTER SET = utf8 COLLATE = utf8_general_ci ROW_FORMAT = Compact;

-- ----------------------------
-- Records of sys_users_roles
-- ----------------------------
INSERT INTO `sys_users_roles` VALUES (1, 1);
INSERT INTO `sys_users_roles` VALUES (1, 2);
INSERT INTO `sys_users_roles` VALUES (2, 2);

-- ----------------------------
-- Table structure for t_dept
-- ----------------------------
DROP TABLE IF EXISTS `t_dept`;
CREATE TABLE `t_dept`  (
  `id` int(11) NOT NULL AUTO_INCREMENT,
  `name` varchar(100) CHARACTER SET utf8 COLLATE utf8_bin NOT NULL,
  `description` varchar(200) CHARACTER SET utf8 COLLATE utf8_bin DEFAULT NULL,
  PRIMARY KEY (`id`) USING BTREE
) ENGINE = InnoDB AUTO_INCREMENT = 7 CHARACTER SET = utf8 COLLATE = utf8_bin ROW_FORMAT = Compact;

-- ----------------------------
-- Records of t_dept
-- ----------------------------
INSERT INTO `t_dept` VALUES (1, '第一开发部', 'dept01');
INSERT INTO `t_dept` VALUES (2, '第二开发部', 'dept02');
INSERT INTO `t_dept` VALUES (3, '第三开发部', 'dept03');
INSERT INTO `t_dept` VALUES (4, '系统部', 'dept04');
INSERT INTO `t_dept` VALUES (5, '管理部', 'dept05');

-- ----------------------------
-- Table structure for t_emp
-- ----------------------------
DROP TABLE IF EXISTS `t_emp`;
CREATE TABLE `t_emp`  (
  `id` int(11) NOT NULL AUTO_INCREMENT,
  `name` varchar(50) CHARACTER SET utf8 COLLATE utf8_bin NOT NULL,
  `address` varchar(100) CHARACTER SET utf8 COLLATE utf8_bin NOT NULL,
  `age` int(11) NOT NULL,
  `department` int(11) NOT NULL,
  `salary` int(11) DEFAULT NULL,
  `tel` varchar(20) CHARACTER SET utf8 COLLATE utf8_bin NOT NULL,
  PRIMARY KEY (`id`) USING BTREE,
  INDEX `t_emp_ibfk_1`(`department`) USING BTREE,
  CONSTRAINT `t_emp_ibfk_1` FOREIGN KEY (`department`) REFERENCES `t_dept` (`id`) ON DELETE RESTRICT ON UPDATE RESTRICT
) ENGINE = InnoDB AUTO_INCREMENT = 37 CHARACTER SET = utf8 COLLATE = utf8_bin ROW_FORMAT = Compact;

-- ----------------------------
-- Records of t_emp
-- ----------------------------
INSERT INTO `t_emp` VALUES (1, '宋江', '吉林', 43, 1, 4000, '13888883345');
INSERT INTO `t_emp` VALUES (2, '卢俊义', '吉林', 42, 2, 2000, '13888883343');
INSERT INTO `t_emp` VALUES (3, '吴用', '吉林', 41, 3, 3000, '13888883348');
INSERT INTO `t_emp` VALUES (4, '公孙胜', '北京', 40, 1, 4000, '13888883345');
INSERT INTO `t_emp` VALUES (5, '关胜', '北京', 39, 2, 2000, '13888883343');
INSERT INTO `t_emp` VALUES (6, '林冲', '北京', 38, 3, 3000, '13888883348');
INSERT INTO `t_emp` VALUES (7, '秦明', '北京', 34, 1, 4000, '13888883345');
INSERT INTO `t_emp` VALUES (8, '呼延灼', '上海', 25, 2, 2000, '13888883343');
INSERT INTO `t_emp` VALUES (9, '花荣', '上海', 24, 3, 3000, '13888883348');
INSERT INTO `t_emp` VALUES (10, '柴进', '上海', 27, 1, 4500, '13888883345');
INSERT INTO `t_emp` VALUES (11, '李应', '北京', 25, 2, 2000, '13888883343');
INSERT INTO `t_emp` VALUES (12, '朱仝', '上海', 24, 3, 3000, '13888883348');
INSERT INTO `t_emp` VALUES (13, '鲁智深', '上海', 27, 5, 4000, '13888883345');
INSERT INTO `t_emp` VALUES (14, '武松', '上海', 29, 4, 2000, '13888883343');
INSERT INTO `t_emp` VALUES (15, '董平', '上海', 24, 4, 3000, '13888883348');
INSERT INTO `t_emp` VALUES (16, '张清', '山东', 33, 1, 4000, '13888883345');
INSERT INTO `t_emp` VALUES (18, '徐宁', '山东', 24, 3, 3000, '13888883348');
INSERT INTO `t_emp` VALUES (19, '索超', '山东', 26, 1, 4000, '13888883345');
INSERT INTO `t_emp` VALUES (20, '戴宗', '成都', 25, 2, 2000, '13888883343');
INSERT INTO `t_emp` VALUES (21, '刘唐', '成都', 24, 3, 3000, '13888883348');
INSERT INTO `t_emp` VALUES (22, '李逵', '成都', 23, 1, 4000, '13888883345');
INSERT INTO `t_emp` VALUES (23, '史进', '成都', 25, 2, 2000, '13888883343');
INSERT INTO `t_emp` VALUES (24, '穆弘', '成都', 24, 3, 3000, '13888883348');
INSERT INTO `t_emp` VALUES (25, '雷横', '大连', 23, 1, 4000, '13888883345');
INSERT INTO `t_emp` VALUES (26, '李俊', '成都', 25, 2, 2000, '13888883343');
INSERT INTO `t_emp` VALUES (27, '阮小二', '大连', 24, 3, 3000, '13888883348');
INSERT INTO `t_emp` VALUES (28, '张横', '大连', 24, 3, 3000, '13888883348');
INSERT INTO `t_emp` VALUES (29, '阮小五', '大连', 23, 1, 4000, '13888883345');
INSERT INTO `t_emp` VALUES (30, '张顺', '成都', 25, 2, 2000, '13888883343');
INSERT INTO `t_emp` VALUES (31, '阮小七', '成都', 24, 3, 3000, '13888883348');
INSERT INTO `t_emp` VALUES (32, '杨雄', '成都', 24, 3, 3000, '13888883348');
INSERT INTO `t_emp` VALUES (33, '石秀', '大连', 23, 1, 4000, '13888883345');
INSERT INTO `t_emp` VALUES (34, '解珍', '大连', 25, 2, 2000, '13888883343');
INSERT INTO `t_emp` VALUES (35, '解宝', '大连', 24, 5, 3000, '13888883348');
INSERT INTO `t_emp` VALUES (36, '燕青', '大连', 24, 3, 3000, '13888883348');

-- ----------------------------
-- Table structure for t_employee
-- ----------------------------
DROP TABLE IF EXISTS `t_employee`;
CREATE TABLE `t_employee`  (
  `id` int(11) NOT NULL AUTO_INCREMENT,
  `name` varchar(50) CHARACTER SET utf8 COLLATE utf8_bin NOT NULL,
  `address` varchar(100) CHARACTER SET utf8 COLLATE utf8_bin NOT NULL,
  `age` int(11) NOT NULL,
  PRIMARY KEY (`id`) USING BTREE
) ENGINE = InnoDB AUTO_INCREMENT = 4 CHARACTER SET = utf8 COLLATE = utf8_bin ROW_FORMAT = Compact;

-- ----------------------------
-- Records of t_employee
-- ----------------------------
INSERT INTO `t_employee` VALUES (1, 'zhangsan', 'jilin', 23);
INSERT INTO `t_employee` VALUES (2, 'lisi', 'beijing', 26);

-- ----------------------------
-- Table structure for t_menu
-- ----------------------------
DROP TABLE IF EXISTS `t_menu`;
CREATE TABLE `t_menu`  (
  `menu_id` int(11) NOT NULL AUTO_INCREMENT,
  `menu_name` varchar(100) CHARACTER SET utf8 COLLATE utf8_bin NOT NULL,
  `url` varchar(100) CHARACTER SET utf8 COLLATE utf8_bin NOT NULL,
  `icon` varchar(50) CHARACTER SET utf8 COLLATE utf8_bin DEFAULT NULL,
  `level` int(11) NOT NULL DEFAULT 1,
  `parent_id` int(11) NOT NULL DEFAULT 0,
  PRIMARY KEY (`menu_id`) USING BTREE
) ENGINE = InnoDB AUTO_INCREMENT = 9 CHARACTER SET = utf8 COLLATE = utf8_bin ROW_FORMAT = Compact;

-- ----------------------------
-- Records of t_menu
-- ----------------------------
INSERT INTO `t_menu` VALUES (1, '人事管理', '#', 'layui-icon-picker-securityscan', 1, 0);
INSERT INTO `t_menu` VALUES (2, '雇员管理', '/empView', NULL, 1, 1);
INSERT INTO `t_menu` VALUES (3, '部门管理', '/deptView', NULL, 1, 1);
INSERT INTO `t_menu` VALUES (4, '系统管理', '#', 'layui-icon-picker-control', 1, 0);
INSERT INTO `t_menu` VALUES (5, '系统信息', '/systemInfo', 'null', 1, 4);
INSERT INTO `t_menu` VALUES (6, '在线用户', '/userOnline', NULL, 1, 4);
INSERT INTO `t_menu` VALUES (7, '操作日志', '/syslog', NULL, 1, 4);
INSERT INTO `t_menu` VALUES (8, '账户管理', '/userView', NULL, 1, 4);

-- ----------------------------
-- Table structure for t_sys_log
-- ----------------------------
DROP TABLE IF EXISTS `t_sys_log`;
CREATE TABLE `t_sys_log`  (
  `id` int(11) NOT NULL AUTO_INCREMENT,
  `username` varchar(50) CHARACTER SET utf8 COLLATE utf8_general_ci DEFAULT NULL COMMENT '用户名',
  `operation` varchar(100) CHARACTER SET utf8 COLLATE utf8_general_ci DEFAULT NULL COMMENT '操作',
  `time` int(11) DEFAULT NULL COMMENT '响应时间/耗时',
  `method` varchar(200) CHARACTER SET utf8 COLLATE utf8_general_ci DEFAULT NULL COMMENT '请求方法',
  `params` varchar(500) CHARACTER SET utf8 COLLATE utf8_general_ci DEFAULT NULL COMMENT '请求参数',
  `ip` varchar(64) CHARACTER SET utf8 COLLATE utf8_general_ci DEFAULT NULL COMMENT 'IP',
  `create_time` timestamp(0) NOT NULL DEFAULT CURRENT_TIMESTAMP COMMENT '创建时间',
  PRIMARY KEY (`id`) USING BTREE
) ENGINE = InnoDB AUTO_INCREMENT = 5 CHARACTER SET = utf8 COLLATE = utf8_general_ci COMMENT = '操作日志表' ROW_FORMAT = Compact;

SET FOREIGN_KEY_CHECKS = 1;
